id,name,model_id:id,group_id:id,perm_read,perm_write,perm_create,perm_unlink
access_gestion_des_utilisateurs_classe,gestion_des_utilisateurs.classe,model_gestion_des_utilisateurs_classe,group_utilisateurs_user,1,1,1,1
access_gestion_des_utilisateurs_alternants,gestion_des_utilisateurs.alternants,model_gestion_des_utilisateurs_alternants,group_utilisateurs_user,1,1,1,1
access_gestion_des_utilisateurs_entreprise,gestion_des_utilisateurs.entreprise,model_gestion_des_utilisateurs_entreprise,group_utilisateurs_user,1,1,1,1
access_gestion_des_utilisateurs_tuteursuniv,gestion_des_utilisateurs.tuteursuniv,model_gestion_des_utilisateurs_tuteursuniv,group_utilisateurs_user,1,1,1,1
access_gestion_des_utilisateurs_tuteursentreprise,gestion_des_utilisateurs.tuteursentreprise,model_gestion_des_utilisateurs_tuteursentreprise,group_utilisateurs_user,1,1,1,1